City_ID,City,Lat,Lng,Max Temp,Humidity,Cloudiness,Wind Speed,Country,Date
0,berlevag,70.86,29.09,24.8,92,75,8.05,NO,1585690169
1,ushuaia,-54.8,-68.3,50.0,71,75,6.93,AR,1585690133
2,bethel,41.37,-73.41,48.99,61,90,4.7,US,1585689918
3,biak,-0.91,122.88,80.2,72,98,4.74,ID,1585690170
4,makakilo city,21.35,-158.09,80.6,78,75,9.17,US,1585690170
5,mahebourg,-20.41,57.7,78.01,94,20,2.24,MU,1585689943
6,airai,-8.93,125.41,60.51,71,92,1.12,TL,1585690171
7,rikitea,-23.12,-134.97,78.69,73,100,8.08,PF,1585689901
8,atuona,-9.8,-139.03,82.18,80,1,15.46,PF,1585690171
9,ponta do sol,32.67,-17.1,60.8,67,20,17.22,PT,1585689927
10,lubao,14.92,120.55,78.8,73,20,4.7,PH,1585690171
11,norman wells,65.28,-126.83,12.2,47,5,20.8,CA,1585689967
12,port elizabeth,-33.92,25.57,62.6,77,26,12.75,ZA,1585690127
13,poum,-20.23,164.02,77.58,77,39,15.99,NC,1585690172
14,enshi,30.3,109.48,52.12,66,90,1.36,CN,1585690173
15,ballina,-28.87,153.57,68.0,100,65,5.82,AU,1585690012
16,punta arenas,-53.15,-70.92,57.2,66,40,10.29,CL,1585690011
17,hithadhoo,-0.6,73.08,83.03,70,50,9.71,MV,1585689977
18,longyearbyen,78.22,15.64,-2.2,84,20,2.24,SJ,1585689901
19,talara,-4.58,-81.27,79.7,65,34,10.45,PE,1585690173
20,jamestown,42.1,-79.24,46.0,81,90,6.93,US,1585689936
21,pingxiang,27.62,113.85,46.15,81,3,2.57,CN,1585690174
22,bengkulu,-3.8,102.27,77.41,81,100,3.33,ID,1585689992
23,bumba,2.18,22.47,73.49,86,99,1.05,CD,1585690174
24,ostrovnoy,68.05,39.51,21.76,91,100,17.54,RU,1585690174
25,mataura,-46.19,168.86,51.01,98,23,1.01,NZ,1585690175
26,yellowknife,62.46,-114.35,8.6,39,20,6.93,CA,1585690175
27,vao,-22.67,167.48,74.39,74,1,16.82,NC,1585690175
28,westport,41.14,-73.36,48.99,66,75,8.05,US,1585690175
29,ondjiva,-17.07,15.73,72.88,40,62,2.08,AO,1585690022
30,estevan,49.13,-102.98,44.6,75,90,23.04,CA,1585689954
31,bredasdorp,-34.53,20.04,64.4,59,28,8.05,ZA,1585690176
32,verkhnyaya balkariya,43.13,43.46,50.0,76,90,4.47,RU,1585690176
33,kumeny,58.11,49.92,26.04,97,100,6.69,RU,1585690176
34,gamba,-2.65,10.0,80.06,84,1,7.2,GA,1585690177
35,port alfred,-33.59,26.89,68.67,79,99,17.67,ZA,1585690177
36,luderitz,-26.65,15.16,64.4,63,0,11.41,NA,1585689912
37,bahia blanca,-38.72,-62.27,67.12,62,98,11.07,AR,1585689948
38,hasaki,35.73,140.83,50.0,93,75,6.93,JP,1585690159
39,nikolskoye,59.7,30.79,30.99,63,40,11.18,RU,1585690178
40,lerwick,60.15,-1.15,46.4,81,98,18.34,GB,1585690178
41,butaritari,3.07,172.79,83.55,78,82,18.19,KI,1585690178
42,itaituba,-4.28,-55.98,84.2,83,40,5.82,BR,1585690179
43,cape town,-33.93,18.42,63.0,77,20,17.22,ZA,1585690179
44,almeria,37.17,-2.33,59.0,87,79,3.36,ES,1585690179
45,mandali,33.75,45.55,68.72,36,87,10.4,IQ,1585690179
46,sistranda,63.73,8.83,39.2,69,75,21.92,NO,1585690180
47,khatanga,71.97,102.5,-15.14,89,58,9.22,RU,1585690180
48,mar del plata,-38.0,-57.56,64.99,55,40,16.11,AR,1585690039
49,avarua,-21.21,-159.78,84.2,83,75,6.93,CK,1585690180
50,busselton,-33.65,115.33,55.0,73,98,6.24,AU,1585689967
51,belaya gora,68.53,146.42,2.93,93,100,2.91,RU,1585690181
52,katsuura,35.13,140.3,53.6,87,75,8.05,JP,1585689933
53,albany,42.6,-73.97,48.2,69,90,5.82,US,1585690181
54,moron,-34.65,-58.62,73.4,83,75,17.22,AR,1585690181
55,san carlos de bariloche,-41.15,-71.31,68.0,39,40,20.8,AR,1585690079
56,starokostyantyniv,49.76,27.2,30.96,74,4,3.06,UA,1585690182
57,nago,26.59,127.98,73.4,94,90,11.41,JP,1585690182
58,kidal,18.44,1.41,84.58,12,0,9.84,ML,1585690182
59,carnarvon,-24.87,113.63,68.0,82,96,10.29,AU,1585690182
60,cerrito,6.84,-72.69,77.0,78,40,8.05,CO,1585690183
61,lagoa,39.05,-27.98,57.34,68,100,27.65,PT,1585690183
62,bambous virieux,-20.34,57.76,78.01,94,20,2.24,MU,1585690183
63,thompson,55.74,-97.86,21.2,67,75,20.8,CA,1585690018
64,vaini,-21.2,-175.2,80.6,83,40,2.24,TO,1585689912
65,kigorobya,1.62,31.31,71.8,56,51,2.39,UG,1585690184
66,komsomolskiy,40.43,71.72,57.2,62,100,4.7,UZ,1585690184
67,manokwari,-0.87,134.08,79.83,75,100,2.82,ID,1585690024
68,kodiak,57.79,-152.41,37.4,34,1,4.7,US,1585690185
69,arlit,18.74,7.39,89.29,10,9,11.43,NE,1585690185
70,andenes,69.31,16.12,32.0,90,100,26.4,NO,1585690038
71,saint george,37.1,-113.58,71.01,24,1,5.82,US,1585690185
72,hermanus,-34.42,19.23,62.01,84,46,14.76,ZA,1585690186
73,arraial do cabo,-22.97,-42.03,78.8,83,75,9.17,BR,1585690186
74,myre,69.1,15.95,32.0,90,100,26.4,NO,1585690186
75,pantai remis,4.46,100.63,78.8,88,40,3.83,MY,1585690186
76,coihaique,-45.58,-72.07,55.4,50,20,9.17,CL,1585690187
77,kapaa,22.08,-159.32,75.2,73,40,13.87,US,1585690187
78,abha,18.22,42.51,62.6,67,1,8.05,SA,1585690187
79,souillac,-20.52,57.52,78.01,94,20,2.24,MU,1585690048
80,east london,-33.02,27.91,68.85,84,100,20.4,ZA,1585690187
81,penzance,50.12,-5.54,48.0,71,9,10.29,GB,1585690188
82,bay roberts,47.6,-53.26,37.99,97,90,3.36,CA,1585690188
83,barra patuca,15.8,-84.28,82.26,75,12,13.18,HN,1585690188
84,high level,58.52,-117.14,14.0,51,40,12.75,CA,1585690188
85,hobart,-42.88,147.33,55.99,87,20,3.36,AU,1585689961
86,kaeo,-35.1,173.78,64.99,91,98,4.0,NZ,1585690189
87,severo-kurilsk,50.68,156.12,35.1,85,100,15.08,RU,1585690116
88,saint anthony,45.02,-93.22,55.99,32,1,6.93,US,1585690189
89,petropavlovsk-kamchatskiy,53.05,158.65,28.4,100,90,2.24,RU,1585689934
90,flinders,-34.58,150.86,70.0,100,75,4.7,AU,1585690020
91,maceio,-9.67,-35.74,82.4,78,20,11.41,BR,1585690190
92,dinard,48.63,-2.06,44.6,70,11,11.41,FR,1585690190
93,kita,13.03,-9.49,90.16,14,25,4.27,ML,1585690191
94,tshikapa,-6.42,20.8,74.89,74,47,1.48,CD,1585690191
95,grand-santi,4.25,-54.38,83.25,70,100,4.59,GF,1585690191
96,henties bay,-22.12,14.28,59.0,90,0,1.99,NA,1585690165
97,georgetown,5.41,100.34,84.2,88,20,3.76,MY,1585689931
98,pevek,69.7,170.31,-0.89,92,49,4.16,RU,1585690192
99,esperance,-33.87,121.9,53.6,100,75,4.7,AU,1585690192
100,barao de melgaco,-16.19,-55.97,84.2,66,40,5.82,BR,1585690192
101,dongsheng,39.82,109.98,30.33,42,100,15.08,CN,1585690048
102,tasiilaq,65.61,-37.64,28.4,36,2,19.46,GL,1585690193
103,moctezuma,29.8,-109.67,84.06,11,100,1.5,MX,1585690193
104,wanning,18.8,110.4,76.46,90,35,5.93,CN,1585690193
105,upernavik,72.79,-56.15,-2.56,89,67,24.85,GL,1585689905
106,labuan,5.28,115.24,80.6,94,75,3.47,MY,1585690189
107,itarema,-2.92,-39.92,80.2,86,98,10.2,BR,1585690194
108,sassandra,4.95,-6.08,80.37,91,13,4.72,CI,1585690179
109,ancud,-41.87,-73.82,60.8,48,40,12.75,CL,1585690161
110,husavik,66.04,-17.34,41.0,52,75,42.5,IS,1585689990
111,road town,18.42,-64.62,80.01,73,0,7.0,VG,1585690195
112,shenjiamen,29.96,122.3,51.71,84,100,18.95,CN,1585690195
113,yichang,30.71,111.28,51.06,75,90,1.88,CN,1585690195
114,plouzane,48.38,-4.62,44.6,75,3,18.34,FR,1585690019
115,hilo,19.73,-155.09,75.99,73,90,5.55,US,1585690180
116,dikson,73.51,80.55,-2.52,93,100,6.62,RU,1585690196
117,port hedland,-20.32,118.57,77.0,88,97,4.7,AU,1585690196
118,planadas,3.2,-75.65,82.4,74,75,6.93,CO,1585690196
119,castro,-24.79,-50.01,70.81,52,3,1.63,BR,1585690196
120,linqiong,30.42,103.46,61.0,87,40,6.71,CN,1585690197
121,guerrero negro,27.98,-114.06,79.32,21,100,6.44,MX,1585690197
122,upata,8.01,-62.4,84.31,46,98,4.81,VE,1585690159
123,maloy,61.94,5.11,42.8,93,75,5.82,NO,1585690197
124,sumbe,-11.21,13.84,76.55,89,23,6.35,AO,1585690198
125,barrow,71.29,-156.79,10.4,66,1,16.11,US,1585690129
126,chisindia,46.28,22.1,34.0,64,71,2.24,RO,1585690198
127,provideniya,64.38,-173.3,24.8,79,75,6.71,RU,1585690198
128,isangel,-19.55,169.27,79.5,84,94,17.16,VU,1585690199
129,lorengau,-2.02,147.27,81.73,83,86,10.89,PG,1585690199
130,kavaratti,10.57,72.64,82.9,77,0,14.23,IN,1585690199
131,chokurdakh,70.63,147.92,-6.36,91,90,5.44,RU,1585689925
132,puerto ayora,-0.74,-90.35,82.4,69,20,6.93,EC,1585690160
133,olafsvik,64.89,-23.71,33.98,88,100,20.54,IS,1585690200
134,new norfolk,-42.78,147.06,55.99,87,20,3.36,AU,1585690200
135,dergachi,51.23,48.77,52.48,67,93,7.76,RU,1585690200
136,kirksville,40.19,-92.58,63.0,36,1,14.99,US,1585690103
137,mezcala,20.93,-102.75,83.41,11,82,3.67,MX,1585690201
138,saint-georges,12.06,-61.75,84.2,58,20,11.41,GD,1585690082
139,victoria,22.29,114.16,66.99,100,40,5.82,HK,1585690189
140,mwene-ditu,-7.0,23.45,68.85,73,100,2.26,CD,1585690203
141,rottingdean,50.81,-0.06,39.99,69,0,5.82,GB,1585690203
142,ghanzi,-21.57,21.78,67.1,62,100,5.55,BW,1585690203
143,lasa,46.62,10.7,44.6,58,5,3.36,IT,1585689958
144,mandalgovi,45.76,106.27,23.76,47,0,8.32,MN,1585689958
145,caconda,-13.73,15.07,61.34,59,98,1.39,AO,1585690204
146,saint-philippe,-21.36,55.77,77.0,83,75,6.93,RE,1585690204
147,dunedin,-45.87,170.5,53.85,78,0,3.42,NZ,1585689920
148,seoul,37.57,126.98,51.8,43,1,3.74,KR,1585690037
149,cherskiy,68.75,161.3,-2.06,91,80,8.99,RU,1585689980
150,nikki,9.94,3.21,91.96,27,67,4.85,BJ,1585690205
151,tuktoyaktuk,69.45,-133.04,8.6,60,40,19.46,CA,1585690206
152,tiksi,71.69,128.87,-5.22,87,100,4.23,RU,1585690030
153,tsiroanomandidy,-18.77,46.03,66.88,71,0,0.43,MG,1585690206
154,grindavik,63.84,-22.43,37.4,80,75,21.92,IS,1585690206
155,pisco,-13.7,-76.22,72.0,30,75,5.82,PE,1585690207
156,geraldton,-28.77,114.6,62.6,82,65,9.17,AU,1585690207
157,ossora,59.24,163.07,12.85,91,0,6.91,RU,1585690207
158,cidreira,-30.18,-50.21,74.84,81,99,13.53,BR,1585690207
159,taoudenni,22.68,-3.98,81.28,13,82,8.79,ML,1585690208
160,bluff,-46.6,168.33,51.01,98,31,1.01,NZ,1585690208
161,kununurra,-15.77,128.73,75.2,88,13,3.78,AU,1585690208
162,hambantota,6.12,81.12,78.28,78,15,10.63,LK,1585690208
163,acapulco,16.86,-99.89,87.8,70,5,8.05,MX,1585690209
164,yulara,-25.24,130.99,68.0,88,96,4.7,AU,1585690209
165,jadu,31.95,12.03,59.14,34,19,6.62,LY,1585690209
166,alice springs,-23.7,133.88,69.8,83,40,5.82,AU,1585689996
167,quatre cocos,-20.21,57.76,78.01,94,20,2.24,MU,1585690209
168,firminopolis,-16.58,-50.3,76.41,68,41,2.48,BR,1585690210
169,iquique,-20.22,-70.14,71.6,64,15,20.8,CL,1585690210
170,kichera,55.94,110.1,30.02,81,100,8.28,RU,1585690211
171,camana,-16.62,-72.71,74.37,69,97,7.38,PE,1585690211
172,camacha,33.08,-16.33,60.8,62,20,13.87,PT,1585690212
173,sabha,27.04,14.43,67.73,21,59,11.92,LY,1585690212
174,caravelas,-17.71,-39.25,79.43,84,77,9.01,BR,1585690212
175,maniitsoq,65.42,-52.9,9.21,90,100,11.3,GL,1585689941
176,dwarka,22.24,68.97,75.74,87,0,14.63,IN,1585690213
177,luis moya,22.43,-102.25,80.6,30,75,5.82,MX,1585690213
178,wanaka,-44.7,169.15,46.0,86,46,1.01,NZ,1585690213
179,bud,39.45,-86.18,45.0,70,90,8.05,US,1585690214
180,manggar,-2.88,108.27,80.28,81,80,4.65,ID,1585690214
181,tura,25.52,90.22,68.49,26,0,1.74,IN,1585689940
182,sioux lookout,50.1,-91.92,51.8,20,20,2.24,CA,1585690214
183,fare,-16.7,-151.02,83.3,76,0,10.67,PF,1585690215
184,novo aripuana,-5.12,-60.38,82.92,84,100,1.21,BR,1585690215
185,la candelaria,9.69,-63.4,90.93,35,56,10.83,VE,1585690215
186,narsaq,60.92,-46.05,35.6,74,20,5.82,GL,1585690160
187,port lincoln,-34.73,135.87,62.56,76,100,5.64,AU,1585690049
188,wajir,1.75,40.06,83.88,62,7,15.46,KE,1585690216
189,san patricio,19.22,-104.7,84.2,79,5,11.41,MX,1585690216
190,zatoka,46.07,30.47,35.6,47,70,8.95,UA,1585690216
191,maniwaki,46.38,-75.97,42.71,63,44,7.96,CA,1585690125
192,buala,-8.14,159.59,82.26,78,100,5.86,SB,1585690217
193,pangnirtung,66.15,-65.71,-11.2,47,5,14.99,CA,1585690217
194,sangre grande,10.58,-61.12,84.2,54,75,11.41,TT,1585690217
195,tarko-sale,64.92,77.78,9.0,82,100,7.25,RU,1585690217
196,bathsheba,13.22,-59.52,80.6,57,20,14.99,BB,1585690218
197,springbok,-29.66,17.89,46.72,62,0,4.5,ZA,1585690218
198,qaanaaq,77.48,-69.36,7.83,73,91,2.84,GL,1585690218
199,ormara,25.21,64.64,74.08,86,0,10.45,PK,1585689938
200,altay,47.87,88.12,28.74,48,0,8.66,CN,1585690219
201,dingle,11.0,122.67,77.07,83,94,7.11,PH,1585689984
202,san francisco del mar,16.23,-94.65,88.34,56,3,10.76,MX,1585690220
203,la rioja,42.25,-2.5,41.0,100,90,6.93,ES,1585690220
204,ola,59.58,151.28,9.86,92,57,6.58,RU,1585690220
205,presidencia roque saenz pena,-26.79,-60.44,84.24,64,100,7.38,AR,1585690221
206,talnakh,69.49,88.4,10.4,92,75,22.37,RU,1585690221
207,launceston,-41.45,147.17,55.99,87,90,4.7,AU,1585690222
208,thanh hoa,19.8,105.77,67.71,82,98,4.23,VN,1585690059
209,cabo san lucas,22.89,-109.91,86.0,41,40,10.29,MX,1585690059
210,faanui,-16.48,-151.75,82.45,77,0,11.14,PF,1585689928
211,yeniseysk,58.45,92.17,35.65,93,100,7.76,RU,1585690222
212,viedma,-40.81,-63.0,67.1,41,95,15.08,AR,1585689947
213,fortuna,40.6,-124.16,53.6,87,75,9.17,US,1585690131
214,lavrentiya,65.58,-171.0,15.76,93,0,7.27,RU,1585690223
215,carlyle,38.61,-89.37,60.01,54,75,10.29,US,1585690224
216,basna,21.28,82.82,82.94,24,11,3.49,IN,1585690224
217,hastiere,50.22,4.82,39.2,55,0,5.82,BE,1585690224
218,virginia beach,36.85,-75.98,48.99,93,90,9.17,US,1585689999
219,orangeburg,33.49,-80.86,59.0,87,90,9.17,US,1585690062
220,atasu,48.68,71.64,29.55,79,0,9.28,KZ,1585690225
221,champerico,14.3,-91.92,95.0,44,75,13.87,GT,1585690160
222,mersin,36.86,34.65,60.8,59,75,11.41,TR,1585690225
223,dunmore east,52.15,-6.99,46.99,76,32,1.99,IE,1585690225
224,chuy,-33.7,-53.46,69.28,72,84,14.67,UY,1585690226
225,northam,51.03,-4.22,46.0,83,7,5.82,GB,1585690226
226,prachin buri,14.05,101.37,81.41,69,1,3.87,TH,1585690226
227,clyde river,70.47,-68.59,1.4,77,90,20.8,CA,1585690182
228,ahome,25.92,-109.18,78.8,36,90,12.75,MX,1585689962
229,sorland,67.67,12.69,33.8,74,75,20.8,NO,1585690004
230,krasnovishersk,60.41,57.08,27.07,97,100,3.33,RU,1585690227
231,atar,20.52,-13.05,86.13,23,100,7.18,MR,1585690227
232,srednekolymsk,67.45,153.68,1.06,88,45,2.13,RU,1585690228
233,cayenne,4.93,-52.33,80.6,83,90,12.75,GF,1585690083
234,floro,61.6,5.03,42.8,93,75,5.82,NO,1585690228
235,ler,8.3,30.14,83.71,14,17,3.53,SS,1585690228
236,mounana,-1.41,13.16,73.65,79,42,1.72,GA,1585690229
237,nhulunbuy,-12.23,136.77,77.0,94,97,8.95,AU,1585690229
238,formosa,-26.18,-58.18,82.4,74,90,9.17,AR,1585690229
239,tautira,-17.73,-149.15,86.0,70,2,6.93,PF,1585690229
240,portland,45.52,-122.68,53.01,70,90,4.7,US,1585690068
241,salaga,8.55,-0.52,93.0,40,28,5.46,GH,1585689945
242,perisani,45.38,24.4,30.2,92,90,2.24,RO,1585690230
243,maningrida,-12.07,134.27,76.41,90,77,6.87,AU,1585690230
244,marfino,55.7,37.38,24.8,49,63,6.71,RU,1585690231
245,kavieng,-2.57,150.8,82.96,75,99,7.45,PG,1585689934
246,rocha,-34.48,-54.33,67.82,73,94,12.24,UY,1585690028
247,tocopilla,-22.09,-70.2,81.97,36,23,11.74,CL,1585690231
248,kaitangata,-46.28,169.85,51.01,92,2,4.0,NZ,1585690054
249,nome,64.5,-165.41,23.0,92,90,8.05,US,1585689985
250,kon tum,14.35,108.0,69.94,68,7,2.75,VN,1585690233
251,fosforitnyy,55.33,38.9,24.8,62,80,6.71,RU,1585690233
252,la peca,-5.61,-78.44,80.11,50,47,4.56,PE,1585690234
253,leningradskiy,69.38,178.42,7.57,91,13,5.39,RU,1585690233
254,southbridge,42.08,-72.03,48.99,48,20,4.7,US,1585690234
255,sao jose da tapera,-9.56,-37.38,79.41,68,18,10.65,BR,1585690234
256,bubaque,11.28,-15.83,79.61,71,31,13.71,GW,1585690234
257,ayan,56.45,138.17,19.76,86,64,4.03,RU,1585690235
258,beaverlodge,55.22,-119.44,8.6,78,90,11.41,CA,1585690235
259,necochea,-38.55,-58.74,64.0,64,77,3.0,AR,1585690127
260,hirara,24.8,125.28,73.98,88,22,10.04,JP,1585690235
261,xining,36.62,101.77,30.13,38,99,3.27,CN,1585689982
262,nioro,13.35,-15.75,89.85,19,45,8.63,GM,1585690236
263,rawson,-43.3,-65.1,69.08,40,20,24.27,AR,1585690236
264,atherton,53.52,-2.49,46.4,75,90,5.82,GB,1585690192
265,sao filipe,14.9,-24.5,74.41,78,79,13.4,CV,1585690236
266,soto la marina,23.77,-98.22,84.47,59,99,10.47,MX,1585690237
267,palu,-0.89,119.87,75.27,80,94,2.15,ID,1585690237
268,codrington,-38.27,141.97,56.68,84,4,7.27,AU,1585690003
269,nogliki,51.83,143.17,31.26,98,100,5.7,RU,1585690238
270,tessalit,20.2,1.01,78.58,11,0,9.62,ML,1585690212
271,dukat,62.55,155.55,1.36,80,32,8.08,RU,1585690238
272,point pleasant,40.08,-74.07,46.4,75,90,8.05,US,1585690238
273,mineral wells,32.81,-98.11,68.0,52,20,8.05,US,1585689944
274,sao joao da barra,-21.64,-41.05,80.6,78,8,6.93,BR,1585690023
275,port hardy,50.7,-127.42,46.4,65,75,13.87,CA,1585689969
276,ribeira grande,38.52,-28.7,57.18,67,95,28.79,PT,1585690239
277,bijie,27.31,105.29,49.89,55,81,3.83,CN,1585690239
278,lima,-12.04,-77.03,77.0,65,83,4.7,PE,1585690085
279,dafeng,23.45,108.59,61.27,61,88,3.51,CN,1585690240
280,tevriz,57.51,72.4,28.04,95,100,5.82,RU,1585690240
281,korem,12.51,39.52,59.95,38,73,5.64,ET,1585690240
282,fort nelson,58.81,-122.7,12.2,56,75,5.82,CA,1585690240
283,fairbanks,64.84,-147.72,25.0,32,1,11.41,US,1585690241
284,lichinga,-13.31,35.24,58.5,69,3,1.95,MZ,1585690241
285,vila velha,-20.33,-40.29,81.0,88,75,3.36,BR,1585690241
286,huilong,31.81,121.66,55.0,85,88,10.29,CN,1585690242
287,haines junction,60.75,-137.51,11.7,77,95,4.12,CA,1585690242
288,yonibana,8.44,-12.24,83.95,53,31,7.54,SL,1585690242
289,wajid,3.81,43.25,83.37,57,5,13.73,SO,1585690243
290,saldanha,-33.01,17.94,60.8,77,0,16.11,ZA,1585690243
291,umm kaddadah,13.6,26.69,83.01,12,12,11.81,SD,1585690243
292,pascagoula,30.37,-88.56,80.6,44,1,10.29,US,1585690244
293,jaumave,23.42,-99.38,84.2,48,75,20.8,MX,1585690244
294,xinqing,48.23,129.5,27.61,87,0,6.22,CN,1585690244
295,general roca,-39.03,-67.58,66.2,63,96,4.7,AR,1585690244
296,torbay,47.67,-52.73,37.99,98,90,3.36,CA,1585690245
297,aksarka,66.56,67.8,8.35,92,11,9.01,RU,1585690101
298,teeli,51.03,90.23,11.68,74,0,0.49,RU,1585690245
299,chabahar,25.29,60.64,72.64,70,0,9.98,IR,1585690244
300,gallup,35.53,-108.74,64.4,16,1,9.17,US,1585690246
301,nemuro,43.32,145.57,38.95,85,100,21.27,JP,1585690044
302,matay,28.42,30.78,69.91,28,0,11.27,EG,1585690246
303,labuhan,-6.88,112.21,78.24,83,31,2.51,ID,1585690247
304,shingu,33.73,135.98,58.62,87,100,14.27,JP,1585690193
305,biu,10.61,12.19,85.71,29,79,3.94,NG,1585690247
306,bilma,18.69,12.92,88.65,14,0,7.47,NE,1585690247
307,scarborough,54.28,-0.4,46.0,81,87,3.36,GB,1585690205
308,iqaluit,63.75,-68.51,-2.2,58,20,3.36,CA,1585689954
309,macas,-2.32,-78.12,71.6,83,75,8.05,EC,1585690248
310,belize,17.25,-88.75,96.8,47,40,4.7,BZ,1585690248
311,terra santa,-2.1,-56.49,78.55,94,100,2.13,BR,1585690249
312,ratnagiri,16.98,73.3,77.18,70,17,8.68,IN,1585690249
313,klaksvik,62.23,-6.59,44.6,87,100,28.86,FO,1585689959
314,saskylakh,71.92,114.08,-6.92,89,96,13.18,RU,1585690002
315,pontal do parana,-25.65,-48.51,80.01,73,20,10.29,BR,1585690250
316,kushima,31.46,131.23,59.0,93,90,5.82,JP,1585690250
317,san angelo,31.46,-100.44,73.4,35,1,6.93,US,1585690086
318,khuzhir,53.19,107.34,29.89,81,94,11.79,RU,1585690250
319,nioki,-2.72,17.68,73.49,87,100,1.63,CD,1585690251
320,vuktyl,63.86,57.31,13.53,92,99,2.3,RU,1585690251
321,whitehorse,60.72,-135.05,16.0,36,75,11.41,CA,1585690159
322,sambava,-14.27,50.17,78.15,87,95,3.13,MG,1585690251
323,manaure,11.78,-72.44,84.2,66,20,13.87,CO,1585690251
324,kenai,60.55,-151.26,28.4,58,1,3.36,US,1585690179
325,balakhta,55.38,91.6,33.04,80,93,3.8,RU,1585690252
326,lac du bonnet,50.25,-96.06,49.84,67,26,10.56,CA,1585690252
327,tornio,65.85,24.15,33.8,59,2,4.7,FI,1585690252
328,urumqi,43.8,87.6,44.6,28,0,4.47,CN,1585690252
329,labrea,-7.26,-64.8,86.31,72,83,1.39,BR,1585690253
330,margate,51.38,1.39,42.01,80,0,3.36,GB,1585690253
331,livezile,47.18,24.57,27.57,78,19,4.34,RO,1585690253
332,melilla,35.29,-2.94,62.6,82,100,4.7,ES,1585690254
333,supe,-10.8,-77.73,77.83,64,75,8.7,PE,1585690254
334,ramgarh,23.63,85.52,71.6,64,0,5.44,IN,1585690060
335,qaqortoq,60.72,-46.03,35.6,74,20,5.82,GL,1585690254
336,kaberamaido,1.74,33.16,73.94,50,78,1.05,UG,1585690255
337,santa fe,-31.63,-60.7,89.01,51,70,1.99,AR,1585690247
338,ferkessedougou,9.6,-5.2,91.38,29,34,3.09,CI,1585690255
339,frontera,26.93,-101.45,83.23,12,4,9.35,MX,1585690255
340,san quintin,30.48,-115.95,66.83,59,100,10.58,MX,1585690159
341,saint-francois,46.42,3.91,37.4,51,0,4.7,FR,1585690183
342,sao domingos do maranhao,-5.58,-44.39,79.32,78,53,3.33,BR,1585690256
343,khani,41.96,42.96,44.6,93,0,6.93,GE,1585690256
344,saint-joseph,-21.37,55.62,77.0,83,75,6.93,RE,1585690257
345,spornoye,50.84,37.29,23.0,73,10,8.95,RU,1585690257
346,ilulissat,69.22,-51.1,3.2,77,97,17.22,GL,1585690257
347,nabire,-3.37,135.48,76.87,88,97,1.34,ID,1585690257
348,gwanda,-20.93,29.0,68.32,34,95,7.85,ZW,1585690258
349,thinadhoo,0.53,72.93,82.76,70,94,10.11,MV,1585690258
350,nouadhibou,20.93,-17.03,69.8,68,100,12.75,MR,1585690258
351,seymchan,62.88,152.43,1.08,83,13,4.47,RU,1585690259
352,mukhen,48.1,136.1,31.71,91,63,4.92,RU,1585690259
353,muisne,0.6,-80.03,82.4,83,75,6.93,EC,1585690259
354,zhenhai,24.26,118.09,62.6,93,90,4.47,CN,1585690259
355,turukhansk,65.82,87.98,5.49,95,79,6.13,RU,1585690260
356,axim,4.87,-2.24,81.32,86,62,6.91,GH,1585690260
357,sitka,57.05,-135.33,37.4,40,20,5.82,US,1585690024
358,mangrol,21.12,70.12,73.42,83,0,10.29,IN,1585690260
359,okhotsk,59.38,143.3,15.26,93,69,2.95,RU,1585690261
360,aykhal,66.0,111.5,-7.6,83,100,8.95,RU,1585690261
361,tuatapere,-46.13,167.68,52.0,98,51,3.13,NZ,1585690261
362,vitim,59.45,112.56,23.9,95,100,2.1,RU,1585690261
363,batagay-alyta,67.8,130.41,-8.59,75,84,1.99,RU,1585690262
364,chernoyerkovskaya,45.43,37.77,44.6,70,75,11.18,RU,1585690262
365,college,64.86,-147.8,24.8,32,1,9.17,US,1585690167
366,guarapari,-20.67,-40.5,81.0,88,75,3.36,BR,1585690263
367,avera,33.19,-82.53,62.01,87,90,4.7,US,1585690161
368,kuusamo,65.97,29.18,24.8,92,90,2.24,FI,1585690136
369,tazovskiy,67.47,78.7,5.88,95,23,10.92,RU,1585690263
370,camocim,-2.9,-40.84,79.36,89,97,8.88,BR,1585690263
371,las vegas,36.17,-115.14,75.0,21,1,4.7,US,1585690106
372,sept-iles,50.2,-66.38,41.0,48,90,13.87,CA,1585690264
373,rundu,-17.93,19.77,68.61,63,26,4.85,NA,1585690264
374,half moon bay,37.46,-122.43,71.01,82,75,13.87,US,1585690265
375,alwar tirunagari,8.6,77.95,79.39,60,49,6.82,IN,1585690265
376,sanming,26.25,117.62,51.66,80,59,2.95,CN,1585690265
377,egvekinot,66.32,-179.17,8.74,92,90,4.88,RU,1585690025
378,nanortalik,60.14,-45.24,33.19,89,32,15.05,GL,1585690266
379,vila franca do campo,37.72,-25.43,55.4,62,20,11.41,PT,1585689995
380,posse,-14.09,-46.37,74.98,56,0,4.7,BR,1585690266
381,mareeba,-17.0,145.43,73.99,88,75,8.05,AU,1585690266
382,karlstad,59.38,13.5,37.4,69,29,3.36,SE,1585690267
383,alice,27.75,-98.07,95.0,25,1,13.87,US,1585690267
384,beyneu,45.32,55.2,48.47,71,89,9.19,KZ,1585690041
385,kruisfontein,-34.0,24.73,59.56,81,0,12.19,ZA,1585690267
386,lebu,-37.62,-73.65,58.98,69,1,18.77,CL,1585690268
387,palmer,42.16,-72.33,50.0,52,90,11.41,US,1585690268
388,linguere,15.4,-15.12,92.28,15,34,11.61,SN,1585690268
389,bolhrad,45.68,28.61,37.4,37,65,11.41,UA,1585690269
390,baltasi,56.35,50.21,41.56,86,61,2.82,RU,1585690269
391,hervey bay,-25.3,152.85,70.0,94,20,6.93,AU,1585690269
392,srivardhan,18.03,73.02,76.05,72,0,10.67,IN,1585690270
393,palimbang,6.21,124.19,78.82,74,59,2.42,PH,1585690270
394,celestun,20.87,-90.4,81.91,70,4,13.0,MX,1585690184
395,sinnamary,5.38,-52.95,79.74,81,99,13.71,GF,1585690270
396,srandakan,-7.94,110.25,77.67,81,100,2.44,ID,1585690270
397,azad shahr,34.79,48.57,40.6,45,56,7.38,IR,1585690271
398,payson,40.04,-111.73,66.2,33,75,10.29,US,1585690128
399,bashmakovo,53.21,43.03,29.41,90,95,14.45,RU,1585690272
400,ahipara,-35.17,173.17,64.83,73,99,5.23,NZ,1585690129
401,abalak,58.13,68.59,29.39,96,100,8.25,RU,1585690272
402,meulaboh,4.14,96.13,79.07,85,32,2.89,ID,1585690272
403,eyl,7.98,49.82,82.2,78,45,11.97,SO,1585690034
404,namibe,-15.2,12.15,73.96,71,17,9.08,AO,1585690017
405,samarai,-10.62,150.67,79.43,83,99,6.04,PG,1585690177
406,chapada dos guimaraes,-15.46,-55.75,84.2,66,40,5.82,BR,1585690273
407,mount isa,-20.73,139.5,69.8,60,0,5.82,AU,1585690273
408,talaya,61.38,152.75,0.82,77,62,4.92,RU,1585690274
409,genc,38.75,40.56,45.37,60,100,5.48,TR,1585690274
410,hami,42.8,93.45,43.63,35,0,13.85,CN,1585690037
411,mlowo,-9.0,32.98,62.74,60,100,2.26,TZ,1585690274
412,shu,43.6,73.76,46.99,47,81,5.01,KZ,1585690275
413,mezen,65.85,44.24,17.91,95,100,7.09,RU,1585690275
414,rabaul,-4.2,152.17,80.4,77,100,3.71,PG,1585690275
415,mazatlan,23.22,-106.42,82.4,42,75,5.82,MX,1585690275
416,bundibugyo,0.74,30.04,74.14,50,26,1.77,UG,1585690275
417,providencia,28.72,-111.58,89.6,11,90,12.28,MX,1585690276
418,bani,18.28,-70.33,82.99,68,0,3.0,DO,1585690276
419,murray bridge,-35.12,139.27,68.0,94,100,2.15,AU,1585690245
420,kalmunai,7.42,81.82,77.9,70,39,4.5,LK,1585690276
421,luancheng,37.88,114.65,46.4,93,90,11.18,CN,1585690026
422,bandarbeyla,9.49,50.81,80.55,77,14,8.79,SO,1585690277
423,correntina,-13.34,-44.64,75.42,69,1,3.91,BR,1585690277
424,teguldet,57.31,88.17,33.49,90,100,8.72,RU,1585690278
425,yumen,40.28,97.2,32.72,46,40,16.22,CN,1585690278
426,san vicente,-26.62,-54.13,81.91,46,73,2.3,AR,1585690248
427,singaraja,-8.11,115.09,82.38,72,74,5.03,ID,1585690279
428,nicolas bravo,18.45,-88.92,87.8,66,40,16.11,MX,1585690279
429,kogon,39.72,64.55,53.6,87,20,6.93,UZ,1585690279
430,balkanabat,39.51,54.37,52.68,69,2,6.85,TM,1585690279
431,korenovsk,45.47,39.45,41.0,80,1,6.71,RU,1585690280
432,astoria,46.19,-123.83,50.0,70,75,11.41,US,1585690080
433,namatanai,-3.67,152.43,81.79,76,100,8.34,PG,1585690280
434,barmer,25.75,71.38,77.59,34,0,4.99,IN,1585690280
435,aklavik,68.22,-135.01,15.8,36,5,13.87,CA,1585690280
436,sindou,10.67,-5.17,91.53,20,55,1.48,BF,1585690281
437,udachnyy,66.42,112.4,-7.6,83,72,8.95,RU,1585690012
438,abeokuta,7.15,3.35,82.4,94,20,5.82,NG,1585690281
439,yerbogachen,61.28,108.01,16.32,94,100,5.59,RU,1585690281
440,samandag,36.08,35.98,59.0,67,75,12.75,TR,1585690282
441,saint-augustin,51.23,-58.65,34.74,87,100,18.34,CA,1585690165
442,pachino,36.72,15.09,53.6,87,73,3.36,IT,1585690282
443,manuk mangkaw,4.8,119.85,81.82,77,71,5.46,PH,1585690283
444,asau,46.43,26.4,32.0,77,35,3.36,RO,1585690283
445,kibondo,-3.59,30.72,61.86,63,95,1.07,TZ,1585690283
446,broome,42.25,-75.83,48.99,81,90,6.93,US,1585690283
447,shahrud,36.42,54.98,43.52,46,0,0.89,IR,1585690283
448,belyy yar,53.6,91.39,21.2,85,12,2.24,RU,1585690284
449,chernyshevskiy,63.01,112.47,-4.07,87,0,6.76,RU,1585690284
450,nyagan,62.14,65.39,24.01,97,100,4.97,RU,1585690284
451,limoges,45.75,1.33,46.99,36,0,18.34,FR,1585690284
452,kurilsk,45.23,147.88,34.5,86,94,16.44,RU,1585690285
453,san pedro,14.35,121.02,80.6,74,20,1.12,PH,1585690017
454,pangai,-19.8,-174.35,80.85,76,100,3.11,TO,1585690285
455,magdagachi,53.45,125.8,25.16,93,99,6.4,RU,1585690285
456,voi,-3.39,38.56,74.62,75,40,6.24,KE,1585690285
457,pokosnoye,55.53,101.05,29.46,86,49,12.91,RU,1585690286
458,san juan de los lagos,21.25,-102.3,84.2,17,75,10.29,MX,1585690263
459,yanam,16.73,82.22,78.89,81,1,3.98,IN,1585690286
460,shitkino,56.37,98.35,34.27,85,98,10.51,RU,1585690286
461,ada,43.42,-116.13,50.0,75,90,8.05,US,1585690287
462,channel-port aux basques,47.57,-59.14,35.73,97,100,11.3,CA,1585690287
463,muncie,40.19,-85.39,44.01,81,90,9.17,US,1585690287
464,biharamulo,-2.63,31.31,63.32,60,64,2.89,TZ,1585690288
465,derzhavinsk,51.1,66.32,28.4,92,83,11.39,KZ,1585690288
466,manadhoo,5.77,73.38,83.8,77,11,9.48,MV,1585690288
467,faya,18.39,42.45,62.6,67,0,8.05,SA,1585690288
468,yar-sale,66.83,70.83,7.77,92,25,8.59,RU,1585690131
469,rio gallegos,-51.62,-69.22,62.6,33,40,17.22,AR,1585690190
470,beian,63.66,9.57,39.2,69,75,21.92,NO,1585690289
471,mabaruma,8.2,-59.78,80.47,69,98,8.48,GY,1585690289
472,laguna,38.42,-121.42,73.0,56,20,8.05,US,1585690290
473,mokokchung,26.33,94.53,55.29,36,0,2.8,IN,1585690290
474,chapleau,47.84,-83.4,33.8,85,90,8.05,CA,1585690290
475,beringovskiy,63.05,179.32,30.22,94,97,16.64,RU,1585690290
476,mulanje,-16.03,35.5,64.69,72,0,4.0,MW,1585690290
477,oyama,36.3,139.8,52.0,87,75,3.36,JP,1585690291
478,kazachinskoye,57.7,93.28,35.78,90,100,8.77,RU,1585690291
479,mabama,-5.13,32.53,67.3,68,95,2.91,TZ,1585690291
480,san cristobal,7.77,-72.22,84.2,62,40,8.05,VE,1585690120
481,boshnyakovo,49.63,142.17,30.63,93,100,6.31,RU,1585690291
482,mosetse,-20.75,26.65,76.37,32,69,3.49,BW,1585690292
483,mengcheng,33.26,116.57,44.29,96,25,2.84,CN,1585690292
484,honningsvag,70.98,25.97,28.4,74,75,14.99,NO,1585690292
485,beloha,-25.17,45.05,70.77,85,29,10.89,MG,1585690293
486,kimbe,-5.55,150.14,76.93,90,98,1.52,PG,1585690293
487,dunaharaszti,47.35,19.1,37.0,54,7,3.36,HU,1585690293
488,bilibino,68.05,166.44,-2.94,85,83,1.03,RU,1585689998
489,rudnya,54.95,31.09,25.92,80,10,6.85,RU,1585690293
490,kahului,20.89,-156.47,75.2,73,40,14.99,US,1585690294
491,kudat,6.88,116.85,78.8,94,75,4.52,MY,1585690294
492,khandbari,27.37,87.2,64.99,24,0,4.27,NP,1585690294
493,adrar,20.5,-10.07,80.67,21,99,3.94,MR,1585690294
494,la asuncion,11.03,-63.86,86.0,55,68,20.8,VE,1585690170
495,puerto escondido,15.85,-97.07,86.0,84,20,13.87,MX,1585690295
496,huarmey,-10.07,-78.15,79.38,61,53,8.55,PE,1585690295
497,chake chake,-5.25,39.77,85.06,74,47,10.31,TZ,1585690295
498,iaciara,-14.1,-46.63,77.05,59,7,2.04,BR,1585690296
499,skjervoy,70.03,20.97,26.6,63,40,13.87,NO,1585690183
500,apatity,67.56,33.4,20.16,95,100,9.31,RU,1585690296
501,alofi,-19.06,-169.92,86.0,84,75,5.82,NU,1585690296
502,villa carlos paz,-31.42,-64.5,77.0,73,75,4.7,AR,1585690296
503,san-pedro,4.75,-6.64,81.01,88,56,7.36,CI,1585690297
504,montepuez,-13.13,39.0,66.34,68,7,3.44,MZ,1585690297
505,omsukchan,62.53,155.8,2.62,81,33,6.96,RU,1585690232
506,ambilobe,-13.2,49.05,76.64,89,71,1.99,MG,1585690297
507,tual,-5.67,132.75,85.17,71,100,4.25,ID,1585690292
508,yarkovo,57.4,67.08,29.97,95,100,8.12,RU,1585690298
509,ko samui,9.54,99.94,81.93,76,0,6.8,TH,1585690220
510,paso de carrasco,-34.86,-56.05,73.99,73,40,16.11,UY,1585690298
511,progreso,21.28,-89.67,91.4,52,75,18.34,MX,1585690298
512,calvinia,-31.47,19.78,52.59,44,0,5.64,ZA,1585690299
513,lompoc,34.64,-120.46,84.0,41,77,12.75,US,1585690173
514,kismayo,-0.36,42.55,84.45,77,3,9.26,SO,1585690299
515,north bend,43.41,-124.22,52.0,62,20,11.41,US,1585690299
516,jeremie,18.65,-74.12,80.74,65,37,1.07,HT,1585690299
517,casas grandes,30.37,-107.95,73.89,10,100,7.54,MX,1585690300
518,coahuayana,18.73,-103.68,86.0,42,5,11.41,MX,1585690300
519,antofagasta,-23.65,-70.4,68.0,68,75,10.29,CL,1585690301
520,imbituba,-28.24,-48.67,78.8,78,40,1.12,BR,1585690003
521,nelson bay,-32.72,152.15,69.01,100,90,2.24,AU,1585690001
522,inhambane,-23.86,35.38,74.14,70,0,9.1,MZ,1585690301
523,mitsamiouli,-11.38,43.28,83.84,76,17,7.63,KM,1585690301
524,ulaanbaatar,47.91,106.88,12.2,61,0,1.41,MN,1585690302
525,thana,34.64,72.07,52.32,69,85,1.34,PK,1585690302
526,bambui,-20.01,-45.98,74.07,65,69,1.88,BR,1585690302
527,coquimbo,-29.95,-71.34,62.6,82,40,13.87,CL,1585690028
528,kirakira,-10.45,161.92,79.79,86,100,9.89,SB,1585690303
529,businga,3.33,20.88,76.87,68,89,2.37,CD,1585690303
530,muros,42.78,-9.06,51.01,93,20,6.93,ES,1585690303
531,usilampatti,9.97,77.8,75.06,58,0,1.43,IN,1585690303
532,hualmay,-11.1,-77.61,77.14,65,83,8.5,PE,1585690303
533,idlib,35.93,36.63,59.0,67,75,12.75,SY,1585690304
534,khairpur,27.53,68.76,71.6,68,0,9.17,PK,1585690304
535,chipinge,-20.19,32.62,61.07,65,0,3.98,ZW,1585690304
536,nizwa,22.93,57.53,73.98,38,1,1.79,OM,1585690304
537,boyolangu,-8.12,111.89,76.96,82,100,1.19,ID,1585690305
538,careiro da varzea,-3.2,-59.81,75.2,100,75,4.7,BR,1585690305
539,mehamn,71.04,27.85,28.4,85,40,9.17,NO,1585690305
540,hammerfest,70.66,23.68,24.8,73,40,26.4,NO,1585690305
541,tamiahua,21.27,-97.45,82.44,70,12,9.89,MX,1585690305
542,flin flon,54.77,-101.86,19.4,67,90,12.75,CA,1585690306
543,tromso,69.65,18.96,28.4,74,75,23.04,NO,1585690006
544,morondava,-20.28,44.28,77.38,75,0,7.67,MG,1585690306
545,vostok,46.49,135.88,29.75,80,100,4.25,RU,1585690167
546,constitucion,-35.33,-72.42,64.17,57,23,18.68,CL,1585690018
547,rudnichnyy,59.62,52.47,23.11,96,100,8.19,RU,1585690307
548,sola,-13.88,167.55,79.25,88,100,17.78,VU,1585690307
549,dire,12.28,-10.97,91.38,15,14,1.95,ML,1585690307
550,sarkand,45.41,79.92,43.81,34,2,5.55,KZ,1585690307
551,pemangkat,1.17,108.97,77.49,82,80,2.77,ID,1585690307
552,najran,17.49,44.13,73.4,33,5,2.24,SA,1585690308
553,korla,41.76,86.15,43.27,34,50,12.5,CN,1585690308
